<?xml version='1.0' encoding='utf-8'?>
<addon id="plugin.video.mediahub" version="0.6.3" name="Media Hub" provider-name="JT">
    <requires>
        <import addon="xbmc.python" version="3.0.0" />
    </requires>
    <extension point="xbmc.python.pluginsource" library="main.py">
        <provides>video</provides>
    </extension>
    <extension point="xbmc.addon.metadata">
        <summary lang="en">Media Hub Video Plugin</summary>
        <description lang="en" />
        <platform>all</platform>
        <assets>
            <icon>resources/icon.png</icon>
        </assets>
    </extension>
</addon>