<addon id="repository.mediahub" name="Media Hub Repository" version="1.0.0" provider-name="Juraj Tomaschek">
  <extension point="xbmc.addon.repository" name="Media Hub Repository">
    <info compressed="false">https://jurajtomaschek.github.io/kodi-addons-repo/addons.xml</info>
    <checksum>https://jurajtomaschek.github.io/kodi-addons-repo/addons.xml.md5</checksum>
    <datadir zip="true">https://jurajtomaschek.github.io/kodi-addons-repo/</datadir>
  </extension>
  <extension point="xbmc.addon.metadata">
    <summary>Install and update Media Hub addons</summary>
    <description>Kodi repository for Media Hub</description>
    <platform>all</platform>
  </extension>
</addon>
