<addon id="repository.mediahub" name="Media Hub Repository" version="1.0.0" provider-name="Juraj Tomaschek"><extension point="xbmc.addon.repository"><dir><info>https://jurajtomaschek.github.io/kodi-addons-repo/addons.xml</info><checksum>https://jurajtomaschek.github.io/kodi-addons-repo/addons.xml.md5</checksum><datadir>https://jurajtomaschek.github.io/kodi-addons-repo/</datadir><version>21.0</version></dir></extension><extension point="xbmc.addon.metadata"><summary>Install and update Media Hub addons</summary><description>Kodi repository for Media Hub</description><platform>all</platform></extension></addon>
